[{"@type":"mtTask","id":"@1","name":"mtt_Techm_EmpLoad","description":"","runtimeEnvironmentId":"@6XwXlCoJ56MkyHR1FyLIMO","maxLogs":10,"verbose":false,"mappingId":"@6Yrci3lcOngkZFNJxMfroG","frsGuid":"4OhYBnJXHwLlivO5oChRMa","shortDescription":"","sessionPropertiesList":[{"name":"Allow Temporary Sequence for Pushdown","value":"NO","recommended":false},{"name":"Allow Temporary View for Pushdown","value":"NO","recommended":false},{"name":"Error Log File Directory","value":"C:\\Program Files\\Informatica Cloud Secure Agent\\apps\\Data_Integration_Server\\data\\error","recommended":false},{"name":"Error Log File Name","value":"EmpLoad_Error_Log.csv","recommended":false},{"name":"Error Log Type","value":"Flat File","recommended":false},{"name":"Log Row Data","value":"YES","recommended":false},{"name":"Pushdown Optimization","value":"None","recommended":false},{"name":"Pushdown Optimization Context","value":"None","recommended":false},{"name":"Pushdown Optimization Fallback Option","value":"Partial PDO","recommended":false},{"name":"Session Log File Name","value":"MTT_Employee_Load.log","recommended":false}],"enableCrossSchemaPushdown":true,"enableParallelRun":false,"autoTunedApplied":false,"autoTunedAppliedType":"NONE","parameterFileName":"/TECHM/Techm_Training_Params.param","paramFileType":"PARAM_FILE_LOCAL","schemaMode":"async","valid":true,"schemaValidationErrorCount":-1,"parameterFileEncoding":"UTF-8","serverlessProperties":{},"taskProperties":[{"@type":"taskProperty","name":"parameterFileDir","currentValue":"","type":"STRING","label":"label.parameterFileDir","required":false},{"@type":"taskProperty","name":"parameterFileName","currentValue":"/TECHM/Techm_Training_Params.param","type":"STRING","label":"label.parameterFileName","required":false}],"optimizationPlan":"NONE","parameters":[{"@type":"mtTaskParameter","id":3546202,"name":"$Source$","type":"EXTENDED_SOURCE","label":"p_Orcl_HR_Conn","description":"","uiProperties":{"cnxtype":"Oracle","connectionParameterized":"true","paramName":"p_Orcl_HR_Conn","paramLabel":"","paramType-mapping":"Connection","logcnx":"p_Orcl_HR_Conn","isSelectDistinct":"false","isMsrcFilterParameterized":"false","isMsrcSortParameterized":"false","objlabel":"p_Src_Query","origobjlabel":"","objectParameterized":"true","objDesc":"","objectParamName":"p_Src_Query","objectParamType-mapping":"DataObject","originalPath":"Source"},"sourceConnectionId":"@0pyEb27g1mNbbTzQJByCUS","newFlatFile":false,"newObject":false,"showBusinessNames":true,"naturalOrder":true,"truncateTarget":false,"bulkApiDBTarget":false,"customFuncCfg":{"@type":"customFuncConfig","id":-1,"connections":[],"inputMap":[],"outputFields":[]},"targetRefsV2":{},"targetUpdateColumns":[],"extendedObject":{"@type":"extendedObject","singleMode":false,"filters":[],"sortFields":[]},"runtimeAttrs":{},"isRESTModernSource":true,"customQuery":"SELECT A.*,B.* FROM HR.EMPLOYEES A LEFT OUTER JOIN HR.DEPARTMENTS B ON A.DEPARTMENT_ID=B.DEPARTMENT_ID ORDER BY A.EMPLOYEE_ID","isFileList":false,"handleSpecialChars":false,"handleDecimalRoundOff":false,"frsAsset":false,"dynamicFileName":false,"excludeDynamicFileNameField":false,"currentlyProcessedFileName":false,"retainFieldMetadata":false,"useExactSrcNames":false,"fetchMode":"ORIGINAL","tgtObjectAttributes":{},"runtimeParameterData":{"@type":"mtTaskRuntimeParameterData","isConnectionRuntimeParameter":true,"isObjectRuntimeParameter":true,"connectionParameterName":"p_Orcl_HR_Conn","objectParameterName":"p_Src_Query"},"overridableProperties":[],"overriddenFields":[]},{"@type":"mtTaskParameter","id":3546203,"name":"$Source1$","type":"EXTENDED_SOURCE","label":"p_FF_Src_Conn","description":"","uiProperties":{"cnxtype":"CSVFile","connectionParameterized":"true","paramName":"p_FF_Src_Conn","paramLabel":"","paramType-mapping":"Connection","logcnx":"p_FF_Src_Conn","isSelectDistinct":"false","isMsrcFilterParameterized":"false","isMsrcSortParameterized":"false","objlabel":"p_Src_FF","origobjlabel":"","objectParameterized":"true","objDesc":"","objectParamName":"p_Src_FF","objectParamType-mapping":"DataObject","originalPath":"Source1"},"sourceConnectionId":"@6Hn3BgGSQaAeUVTDfka0eJ","newFlatFile":false,"newObject":false,"showBusinessNames":true,"naturalOrder":true,"truncateTarget":false,"bulkApiDBTarget":false,"customFuncCfg":{"@type":"customFuncConfig","id":-1,"connections":[],"inputMap":[],"outputFields":[]},"targetRefsV2":{},"targetUpdateColumns":[],"extendedObject":{"@type":"extendedObject","object":{"@type":"mObject","name":"Locations.csv","label":"Locations.csv","metadataUpdated":false,"relations":[],"children":[]},"singleMode":true,"objects":[{"@type":"mObject","name":"Locations.csv","label":"Locations.csv","metadataUpdated":false,"relations":[],"children":[]}],"filters":[],"sortFields":[]},"runtimeAttrs":{},"isRESTModernSource":true,"isFileList":false,"handleSpecialChars":false,"handleDecimalRoundOff":false,"frsAsset":false,"dynamicFileName":false,"excludeDynamicFileNameField":false,"currentlyProcessedFileName":false,"retainFieldMetadata":false,"useExactSrcNames":false,"fetchMode":"ORIGINAL","tgtObjectAttributes":{},"runtimeParameterData":{"@type":"mtTaskRuntimeParameterData","isConnectionRuntimeParameter":true,"isObjectRuntimeParameter":true,"connectionParameterName":"p_FF_Src_Conn","objectParameterName":"p_Src_FF","objectDefaultValue":"Locations.csv"},"overridableProperties":[{"@type":"overridableProperty","id":"defaultPrecision","labelKey":"Source1_defaultPrecision","type":"integer","hidden":false,"required":false,"defaultValue":"","renderingHints":{}},{"@type":"overridableProperty","id":"defaultScale","labelKey":"Source1_defaultScale","type":"integer","hidden":false,"required":false,"defaultValue":"","renderingHints":{}},{"@type":"overridableProperty","id":"defaultNativeDataType","labelKey":"Source1_defaultNativeDataType","type":"string","hidden":false,"required":false,"defaultValue":"","renderingHints":{}}],"overriddenFields":[{"@type":"mtTaskOverriddenField","id":109471621,"name":"LOCATION_ID","type":"number","precision":5,"scale":0}]},{"@type":"mtTaskParameter","id":3546204,"name":"$Target$","type":"TARGET","label":"p_FF_Tgt_Conn","description":"","uiProperties":{"cnxtype":"CSVFile","connectionParameterized":"true","paramName":"p_FF_Tgt_Conn","paramLabel":"","paramType-mapping":"Connection","logcnx":"p_FF_Tgt_Conn","objlabel":"p_Tgt_Emp","origobjlabel":"","objectParameterized":"true","objDesc":"","objectParamName":"p_Tgt_Emp","objectParamType-mapping":"DataObject","defaultTargetUpdateColumns":"","fieldMappingParameterized":"true","supportApplyDDLChanges":"false","originalPath":"Target"},"targetConnectionId":"@8vR5WYIGyKblFkMuGjLKmW","targetObject":"TECHM_EmployeesLoad.csv","targetObjectLabel":"TECHM_EmployeesLoad.csv","newFlatFile":false,"newObject":false,"showBusinessNames":true,"naturalOrder":true,"truncateTarget":false,"bulkApiDBTarget":false,"operationType":"Insert","customFuncCfg":{"@type":"customFuncConfig","id":-1,"connections":[],"inputMap":[],"outputFields":[]},"targetRefsV2":{},"targetUpdateColumns":[],"extendedObject":{"@type":"extendedObject","singleMode":true,"filters":[],"sortFields":[]},"runtimeAttrs":{},"isRESTModernSource":true,"isFileList":false,"handleSpecialChars":false,"handleDecimalRoundOff":false,"frsAsset":false,"dynamicFileName":false,"excludeDynamicFileNameField":false,"currentlyProcessedFileName":false,"retainFieldMetadata":false,"objectName":"TECHM_EmployeesLoad.csv","objectLabel":"TECHM_EmployeesLoad.csv","useExactSrcNames":false,"fetchMode":"ORIGINAL","tgtObjectAttributes":{},"runtimeParameterData":{"@type":"mtTaskRuntimeParameterData","isConnectionRuntimeParameter":true,"isObjectRuntimeParameter":true,"connectionParameterName":"p_FF_Tgt_Conn","objectParameterName":"p_Tgt_Emp","objectDefaultValue":"TECHM_EmployeesLoad.csv"},"overridableProperties":[],"overriddenFields":[]},{"@type":"mtTaskParameter","id":3546205,"name":"$TopDepartments$","type":"TARGET","label":"p_FF_Tgt_Conn","description":"","uiProperties":{"cnxtype":"CSVFile","connectionParameterized":"true","paramName":"p_FF_Tgt_Conn","paramLabel":"","paramType-mapping":"Connection","logcnx":"p_FF_Tgt_Conn","objlabel":"p_Tgt_Agg","origobjlabel":"","objectParameterized":"true","objDesc":"","objectParamName":"p_Tgt_Agg","objectParamType-mapping":"DataObject","defaultTargetUpdateColumns":"","supportApplyDDLChanges":"true","originalPath":"TopDepartments"},"targetConnectionId":"@8vR5WYIGyKblFkMuGjLKmW","targetObject":"Techm_TopDepartments.csv","targetObjectLabel":"Techm_TopDepartments.csv","newFlatFile":false,"newObject":true,"showBusinessNames":true,"naturalOrder":true,"newObjectName":"Techm_TopDepartments.csv","truncateTarget":false,"bulkApiDBTarget":false,"operationType":"Insert","customFuncCfg":{"@type":"customFuncConfig","id":-1,"connections":[],"inputMap":[],"outputFields":[]},"targetRefsV2":{},"targetUpdateColumns":[],"extendedObject":{"@type":"extendedObject","singleMode":true,"filters":[],"sortFields":[]},"runtimeAttrs":{},"isRESTModernSource":true,"isFileList":false,"handleSpecialChars":false,"handleDecimalRoundOff":false,"frsAsset":false,"dynamicFileName":false,"excludeDynamicFileNameField":false,"currentlyProcessedFileName":false,"retainFieldMetadata":false,"objectName":"Techm_TopDepartments.csv","objectLabel":"Techm_TopDepartments.csv","useExactSrcNames":false,"fetchMode":"ORIGINAL","tgtObjectAttributes":{},"runtimeParameterData":{"@type":"mtTaskRuntimeParameterData","isConnectionRuntimeParameter":true,"isObjectRuntimeParameter":true,"connectionParameterName":"p_FF_Tgt_Conn","objectParameterName":"p_Tgt_Agg","objectDefaultValue":"Techm_TopDepartments.csv"},"overridableProperties":[],"overriddenFields":[]},{"@type":"mtTaskParameter","id":3546206,"name":"$LKP_Countries$","type":"LOOKUP","label":"p_Orcl_HR_Conn","description":"","uiProperties":{"cnxtype":"Oracle","connectionParameterized":"true","paramName":"p_Orcl_HR_Conn","paramLabel":"","paramType-mapping":"Connection","logcnx":"p_Orcl_HR_Conn","isCachedLookup":"true","multipleMatchPolicy":"Use Any Value","objlabel":"p_LkpTbl","origobjlabel":"","objectParameterized":"true","objDesc":"","objectParamName":"p_LkpTbl","objectParamType-mapping":"DataObject","originalPath":"LKP_Countries"},"lookupConnectionId":"@0pyEb27g1mNbbTzQJByCUS","lookupObject":"COUNTRIES","lookupObjectLabel":"COUNTRIES","newFlatFile":false,"newObject":false,"showBusinessNames":true,"naturalOrder":true,"truncateTarget":false,"bulkApiDBTarget":false,"customFuncCfg":{"@type":"customFuncConfig","id":-1,"connections":[],"inputMap":[],"outputFields":[]},"targetRefsV2":{},"targetUpdateColumns":[],"runtimeAttrs":{"Cache File Name Prefix":"","Lookup Index Cache Size":"AUTO","Optional":"true","Lookup cache persistent":"false","Lookup source is static":"false","Lookup Sql Override":"SELECT  A.COUNTRY_ID AS COUNTRY_ID,A.COUNTRY_NAME AS COUNTRY_NAME,A.REGION_ID AS REGION_ID,B.REGION_NAME AS REGION_NAME FROM HR.COUNTRIES A JOIN HR.REGIONS B ON A.REGION_ID=B.REGION_ID ORDER BY A.REGION_ID--","Update Dynamic Cache Condition":"TRUE","Re-cache from lookup source":"false","Insert Else Update":"false","Lookup caching enabled":"true","Lookup Data Cache Size":"AUTO","Tracing Level":"Normal","Subsecond Precision":"6","Lookup cache directory name":"$PMCacheDir","Output Old Value On Update":"false","Lookup Source Filter":"","Dynamic Lookup Cache":"false","Pre-build lookup cache":"AUTO","Synchronize dynamic cache":"false"},"isRESTModernSource":true,"isFileList":false,"handleSpecialChars":false,"handleDecimalRoundOff":false,"frsAsset":false,"dynamicFileName":false,"excludeDynamicFileNameField":false,"currentlyProcessedFileName":false,"retainFieldMetadata":false,"objectName":"COUNTRIES","objectLabel":"COUNTRIES","useExactSrcNames":false,"fetchMode":"ORIGINAL","tgtObjectAttributes":{},"runtimeParameterData":{"@type":"mtTaskRuntimeParameterData","isConnectionRuntimeParameter":true,"isObjectRuntimeParameter":true,"connectionParameterName":"p_Orcl_HR_Conn","objectParameterName":"p_LkpTbl","objectDefaultValue":"COUNTRIES"},"overridableProperties":[],"overriddenFields":[]},{"@type":"mtTaskParameter","id":3546207,"name":"$p_AggGroup$","type":"STRING","text":"DEPARTMENT_ID","label":"p_AggGroup","description":"","uiProperties":{"paramName":"p_AggGroup","paramLabel":"","paramType-mapping":"Field","paramtype":"GroupBy","originalPath":"Aggregator"},"newFlatFile":false,"newObject":false,"showBusinessNames":true,"naturalOrder":true,"truncateTarget":false,"bulkApiDBTarget":false,"customFuncCfg":{"@type":"customFuncConfig","id":-1,"connections":[],"inputMap":[],"outputFields":[]},"targetRefsV2":{},"targetUpdateColumns":[],"runtimeAttrs":{},"isRESTModernSource":true,"isFileList":false,"handleSpecialChars":false,"handleDecimalRoundOff":false,"frsAsset":false,"dynamicFileName":false,"excludeDynamicFileNameField":false,"currentlyProcessedFileName":false,"retainFieldMetadata":false,"useExactSrcNames":false,"fetchMode":"ORIGINAL","tgtObjectAttributes":{},"runtimeParameterData":{"@type":"mtTaskRuntimeParameterData","isConnectionRuntimeParameter":false,"isObjectRuntimeParameter":false},"overridableProperties":[],"overriddenFields":[]},{"@type":"mtTaskParameter","id":3546208,"name":"$p_CleanFNExpr$","type":"STRING","text":"LTRIM(RTRIM(FIRST_NAME))","label":"p_CleanFNExpr","description":"","uiProperties":{"paramName":"p_CleanFNExpr","paramLabel":"","paramType-mapping":"Expression","paramtype":"Expression","aggregate":"false","varFuncExpr":"true","udf":"true","originalPath":"Expression"},"newFlatFile":false,"newObject":false,"showBusinessNames":true,"naturalOrder":true,"truncateTarget":false,"bulkApiDBTarget":false,"customFuncCfg":{"@type":"customFuncConfig","id":-1,"connections":[],"inputMap":[],"outputFields":[]},"targetRefsV2":{},"targetUpdateColumns":[],"runtimeAttrs":{},"isRESTModernSource":true,"isFileList":false,"handleSpecialChars":false,"handleDecimalRoundOff":false,"frsAsset":false,"dynamicFileName":false,"excludeDynamicFileNameField":false,"currentlyProcessedFileName":false,"retainFieldMetadata":false,"useExactSrcNames":false,"fetchMode":"ORIGINAL","tgtObjectAttributes":{},"runtimeParameterData":{"@type":"mtTaskRuntimeParameterData","isConnectionRuntimeParameter":false,"isObjectRuntimeParameter":false},"overridableProperties":[],"overriddenFields":[]},{"@type":"mtTaskParameter","id":3546209,"name":"$p_CleanLNExpr$","type":"STRING","text":"LTRIM(RTRIM(LAST_NAME))","label":"p_CleanLNExpr","description":"","uiProperties":{"paramName":"p_CleanLNExpr","paramLabel":"","paramType-mapping":"Expression","paramtype":"Expression","aggregate":"false","varFuncExpr":"true","udf":"true","originalPath":"Expression"},"newFlatFile":false,"newObject":false,"showBusinessNames":true,"naturalOrder":true,"truncateTarget":false,"bulkApiDBTarget":false,"customFuncCfg":{"@type":"customFuncConfig","id":-1,"connections":[],"inputMap":[],"outputFields":[]},"targetRefsV2":{},"targetUpdateColumns":[],"runtimeAttrs":{},"isRESTModernSource":true,"isFileList":false,"handleSpecialChars":false,"handleDecimalRoundOff":false,"frsAsset":false,"dynamicFileName":false,"excludeDynamicFileNameField":false,"currentlyProcessedFileName":false,"retainFieldMetadata":false,"useExactSrcNames":false,"fetchMode":"ORIGINAL","tgtObjectAttributes":{},"runtimeParameterData":{"@type":"mtTaskRuntimeParameterData","isConnectionRuntimeParameter":false,"isObjectRuntimeParameter":false},"overridableProperties":[],"overriddenFields":[]},{"@type":"mtTaskParameter","id":3546210,"name":"$p_FieldMap$","type":"STRING","text":"nstring (255, 0) EMPLOYEE_ID=EMPLOYEE_ID;nstring (50, 0) EMPNAME=o_FULLNAME;nstring (35, 0) EMAIL=EMAIL;nstring (10, 0) SALBAND=o_SALBAND;nstring (20, 0) PHONE_NUMBER=PHONE_NUMBER;nstring (255, 0) SALARY=SALARY;nstring (255, 0) DEPARTMENT_ID=DEPARTMENT_ID;nstring (30, 0) DEPARTMENT_NAME=DEPARTMENT_NAME;nstring (255, 0) LOCATION_ID=LOCATION_ID;nstring (255, 0) CITY=ff_CITY;nstring (255, 0) STATE=ff_STATE_PROVINCE;nstring (2, 0) COUNTRY=COUNTRY_ID;nstring (255, 0) REGION=REGION_ID;","label":"p_FieldMap","description":"","uiProperties":{"paramName":"p_FieldMap","paramLabel":"","paramType-mapping":"FieldMapping","paramtype":"Fieldmap","supressFieldmappingSuffix":"true","lefttitle":"Incoming Fields","righttitle":"Target Fields","originalPath":"Target"},"newFlatFile":false,"newObject":false,"showBusinessNames":true,"naturalOrder":true,"truncateTarget":false,"bulkApiDBTarget":false,"customFuncCfg":{"@type":"customFuncConfig","id":-1,"connections":[],"inputMap":[],"outputFields":[]},"targetRefsV2":{},"targetUpdateColumns":[],"runtimeAttrs":{},"isRESTModernSource":true,"isFileList":false,"handleSpecialChars":false,"handleDecimalRoundOff":false,"frsAsset":false,"dynamicFileName":false,"excludeDynamicFileNameField":false,"currentlyProcessedFileName":false,"retainFieldMetadata":false,"useExactSrcNames":false,"fetchMode":"ORIGINAL","tgtObjectAttributes":{},"runtimeParameterData":{"@type":"mtTaskRuntimeParameterData","isConnectionRuntimeParameter":false,"isObjectRuntimeParameter":false},"overridableProperties":[],"overriddenFields":[]},{"@type":"mtTaskParameter","id":3546211,"name":"$p_JoinCondition$","type":"STRING","text":"ff_LOCATION_ID=LOCATION_ID","label":"p_JoinCondition","description":"","uiProperties":{"paramName":"p_JoinCondition","paramLabel":"","paramType-mapping":"Expression","paramtype":"Expression","originalPath":"Joiner"},"newFlatFile":false,"newObject":false,"showBusinessNames":true,"naturalOrder":true,"truncateTarget":false,"bulkApiDBTarget":false,"customFuncCfg":{"@type":"customFuncConfig","id":-1,"connections":[],"inputMap":[],"outputFields":[]},"targetRefsV2":{},"targetUpdateColumns":[],"runtimeAttrs":{},"isRESTModernSource":true,"isFileList":false,"handleSpecialChars":false,"handleDecimalRoundOff":false,"frsAsset":false,"dynamicFileName":false,"excludeDynamicFileNameField":false,"currentlyProcessedFileName":false,"retainFieldMetadata":false,"useExactSrcNames":false,"fetchMode":"ORIGINAL","tgtObjectAttributes":{},"runtimeParameterData":{"@type":"mtTaskRuntimeParameterData","isConnectionRuntimeParameter":false,"isObjectRuntimeParameter":false},"overridableProperties":[],"overriddenFields":[]},{"@type":"mtTaskParameter","id":3546212,"name":"$p_LkpCondition$","type":"STRING","text":"COUNTRY_ID=ff_COUNTRY_ID","label":"p_LkpCondition","description":"","uiProperties":{"paramName":"p_LkpCondition","paramLabel":"","paramType-mapping":"Expression","paramtype":"Expression","originalPath":"LKP_Countries"},"newFlatFile":false,"newObject":false,"showBusinessNames":true,"naturalOrder":true,"truncateTarget":false,"bulkApiDBTarget":false,"customFuncCfg":{"@type":"customFuncConfig","id":-1,"connections":[],"inputMap":[],"outputFields":[]},"targetRefsV2":{},"targetUpdateColumns":[],"runtimeAttrs":{},"isRESTModernSource":true,"isFileList":false,"handleSpecialChars":false,"handleDecimalRoundOff":false,"frsAsset":false,"dynamicFileName":false,"excludeDynamicFileNameField":false,"currentlyProcessedFileName":false,"retainFieldMetadata":false,"useExactSrcNames":false,"fetchMode":"ORIGINAL","tgtObjectAttributes":{},"runtimeParameterData":{"@type":"mtTaskRuntimeParameterData","isConnectionRuntimeParameter":false,"isObjectRuntimeParameter":false},"overridableProperties":[],"overriddenFields":[]},{"@type":"mtTaskParameter","id":3546213,"name":"$p_RankLimit$","type":"STRING","text":"5","label":"p_RankLimit","description":"","uiProperties":{"paramName":"p_RankLimit","paramLabel":"","paramType-mapping":"String","originalPath":"Rank"},"newFlatFile":false,"newObject":false,"showBusinessNames":true,"naturalOrder":true,"truncateTarget":false,"bulkApiDBTarget":false,"customFuncCfg":{"@type":"customFuncConfig","id":-1,"connections":[],"inputMap":[],"outputFields":[]},"targetRefsV2":{},"targetUpdateColumns":[],"runtimeAttrs":{},"isRESTModernSource":true,"isFileList":false,"handleSpecialChars":false,"handleDecimalRoundOff":false,"frsAsset":false,"dynamicFileName":false,"excludeDynamicFileNameField":false,"currentlyProcessedFileName":false,"retainFieldMetadata":false,"useExactSrcNames":false,"fetchMode":"ORIGINAL","tgtObjectAttributes":{},"runtimeParameterData":{"@type":"mtTaskRuntimeParameterData","isConnectionRuntimeParameter":false,"isObjectRuntimeParameter":false},"overridableProperties":[],"overriddenFields":[]},{"@type":"mtTaskParameter","id":3546214,"name":"$p_SalLowerLimit$","type":"STRING","text":"3000","label":"p_SalLowerLimit","description":"","uiProperties":{"paramName":"p_SalLowerLimit","paramLabel":"","paramType-mapping":"String","originalPath":"Expression"},"newFlatFile":false,"newObject":false,"showBusinessNames":true,"naturalOrder":true,"truncateTarget":false,"bulkApiDBTarget":false,"customFuncCfg":{"@type":"customFuncConfig","id":-1,"connections":[],"inputMap":[],"outputFields":[]},"targetRefsV2":{},"targetUpdateColumns":[],"runtimeAttrs":{},"isRESTModernSource":true,"isFileList":false,"handleSpecialChars":false,"handleDecimalRoundOff":false,"frsAsset":false,"dynamicFileName":false,"excludeDynamicFileNameField":false,"currentlyProcessedFileName":false,"retainFieldMetadata":false,"useExactSrcNames":false,"fetchMode":"ORIGINAL","tgtObjectAttributes":{},"runtimeParameterData":{"@type":"mtTaskRuntimeParameterData","isConnectionRuntimeParameter":false,"isObjectRuntimeParameter":false},"overridableProperties":[],"overriddenFields":[]},{"@type":"mtTaskParameter","id":3546215,"name":"$p_SalUpperLimit$","type":"STRING","text":"5000","label":"p_SalUpperLimit","description":"","uiProperties":{"paramName":"p_SalUpperLimit","paramLabel":"","paramType-mapping":"String","originalPath":"Expression"},"newFlatFile":false,"newObject":false,"showBusinessNames":true,"naturalOrder":true,"truncateTarget":false,"bulkApiDBTarget":false,"customFuncCfg":{"@type":"customFuncConfig","id":-1,"connections":[],"inputMap":[],"outputFields":[]},"targetRefsV2":{},"targetUpdateColumns":[],"runtimeAttrs":{},"isRESTModernSource":true,"isFileList":false,"handleSpecialChars":false,"handleDecimalRoundOff":false,"frsAsset":false,"dynamicFileName":false,"excludeDynamicFileNameField":false,"currentlyProcessedFileName":false,"retainFieldMetadata":false,"useExactSrcNames":false,"fetchMode":"ORIGINAL","tgtObjectAttributes":{},"runtimeParameterData":{"@type":"mtTaskRuntimeParameterData","isConnectionRuntimeParameter":false,"isObjectRuntimeParameter":false},"overridableProperties":[],"overriddenFields":[]},{"@type":"mtTaskParameter","id":3546216,"name":"$p_SortDept$","type":"STRING","text":"DEPARTMENT_ID=ASC;","label":"p_SortDept","description":"","uiProperties":{"paramName":"p_SortDept","paramLabel":"","paramType-mapping":"SortList","paramtype":"SortList","originalPath":"Sorter1"},"newFlatFile":false,"newObject":false,"showBusinessNames":true,"naturalOrder":true,"truncateTarget":false,"bulkApiDBTarget":false,"customFuncCfg":{"@type":"customFuncConfig","id":-1,"connections":[],"inputMap":[],"outputFields":[]},"targetRefsV2":{},"targetUpdateColumns":[],"runtimeAttrs":{},"isRESTModernSource":true,"isFileList":false,"handleSpecialChars":false,"handleDecimalRoundOff":false,"frsAsset":false,"dynamicFileName":false,"excludeDynamicFileNameField":false,"currentlyProcessedFileName":false,"retainFieldMetadata":false,"useExactSrcNames":false,"fetchMode":"ORIGINAL","tgtObjectAttributes":{},"runtimeParameterData":{"@type":"mtTaskRuntimeParameterData","isConnectionRuntimeParameter":false,"isObjectRuntimeParameter":false},"overridableProperties":[],"overriddenFields":[]},{"@type":"mtTaskParameter","id":3546217,"name":"$p_SortLoc$","type":"STRING","text":"LOCATION_ID=ASC;","label":"p_SortLoc","description":"","uiProperties":{"paramName":"p_SortLoc","paramLabel":"","paramType-mapping":"SortList","paramtype":"SortList","originalPath":"Sorter"},"newFlatFile":false,"newObject":false,"showBusinessNames":true,"naturalOrder":true,"truncateTarget":false,"bulkApiDBTarget":false,"customFuncCfg":{"@type":"customFuncConfig","id":-1,"connections":[],"inputMap":[],"outputFields":[]},"targetRefsV2":{},"targetUpdateColumns":[],"runtimeAttrs":{},"isRESTModernSource":true,"isFileList":false,"handleSpecialChars":false,"handleDecimalRoundOff":false,"frsAsset":false,"dynamicFileName":false,"excludeDynamicFileNameField":false,"currentlyProcessedFileName":false,"retainFieldMetadata":false,"useExactSrcNames":false,"fetchMode":"ORIGINAL","tgtObjectAttributes":{},"runtimeParameterData":{"@type":"mtTaskRuntimeParameterData","isConnectionRuntimeParameter":false,"isObjectRuntimeParameter":false},"overridableProperties":[],"overriddenFields":[]}],"sequences":[],"inOutParameters":[{"@type":"mtTaskInOutParameter","id":"-1","name":"p_MaxEmpId","description":"","initialValue":"","datatype":"DECIMAL","precision":"10","scale":"0","retentionPolicy":"ON_SUCCESS_OR_WARNING","aggregationType":"MAX","currentValue":"227"}],"connRuntimeAttrs":[]}]