[{"@type":"businessService","id":"@1","name":"bs_email_US","description":"Uses US based endpoint to access email verification algorithm which identifies valid and non-valid email addresses.","type":"WebService","connectionId":"@2nnn7KDJ8inesGlmZRUVWY","enableDynamicRefresh":false,"businessOperations":[{"@type":"businessOperation","id":"@2rhZf2CGjFGgfLjOYMQOCC@VerifyEmail","originName":"VerifyEmail","name":"VerifyEmail","description":"","configured":false,"metadataId":"@4","requestId":"@5","responseId":"@6","faultId":"@3","extensionXmlId":"@2"},{"@type":"businessOperation","id":"@2rhZf2CGjFGgfLjOYMQOCC@GetDomainInfo","originName":"GetDomainInfo","name":"GetDomainInfo","description":"","configured":false,"metadataId":"@9","requestId":"@10","responseId":"@11","faultId":"@8","extensionXmlId":"@7"},{"@type":"businessOperation","id":"@2rhZf2CGjFGgfLjOYMQOCC@GetRiskProfiles","originName":"GetRiskProfiles","name":"GetRiskProfiles","description":"","configured":false,"metadataId":"@14","requestId":"@15","responseId":"@16","faultId":"@13","extensionXmlId":"@12"},{"@type":"businessOperation","id":"@2rhZf2CGjFGgfLjOYMQOCC@GetReasonCodes","originName":"GetReasonCodes","name":"GetReasonCodes","description":"","configured":false,"metadataId":"@19","requestId":"@20","responseId":"@21","faultId":"@18","extensionXmlId":"@17"},{"@type":"businessOperation","id":"@2rhZf2CGjFGgfLjOYMQOCC@GetStatusCodesForMethod","originName":"GetStatusCodesForMethod","name":"GetStatusCodesForMethod","description":"","configured":false,"metadataId":"@24","requestId":"@25","responseId":"@26","faultId":"@23","extensionXmlId":"@22"},{"@type":"businessOperation","id":"@2rhZf2CGjFGgfLjOYMQOCC@GetStatusCodes","originName":"GetStatusCodes","name":"GetStatusCodes","description":"","configured":false,"metadataId":"@29","requestId":"@30","responseId":"@31","faultId":"@28","extensionXmlId":"@27"},{"@type":"businessOperation","id":"@2rhZf2CGjFGgfLjOYMQOCC@GetServiceInfo","originName":"GetServiceInfo","name":"GetServiceInfo","description":"","configured":false,"metadataId":"@34","requestId":"@35","responseId":"@36","faultId":"@33","extensionXmlId":"@32"},{"@type":"businessOperation","id":"@2rhZf2CGjFGgfLjOYMQOCC@GetRemainingHits","originName":"GetRemainingHits","name":"GetRemainingHits","description":"","configured":false,"metadataId":"@39","requestId":"@40","responseId":"@41","faultId":"@38","extensionXmlId":"@37"}]}]