[{"@type":"fileRecord","id":"@29","name":"metadata","type":"JSON","size":8219,"attachTime":1706758904000},{"@type":"fileRecord","id":"@36","name":"response","type":"XSD","size":10126,"attachTime":1706758904000},{"@type":"fileRecord","id":"@28","name":"fault","type":"XSD","size":4687,"attachTime":1706758904000},{"@type":"fileRecord","id":"@31","name":"response","type":"XSD","size":10989,"attachTime":1706758904000},{"@type":"fileRecord","id":"@30","name":"request","type":"XSD","size":7537,"attachTime":1706758904000},{"@type":"fileRecord","id":"@32","name":"extension","type":"XML","size":23348,"attachTime":1706758904000},{"@type":"fileRecord","id":"@10","name":"request","type":"XSD","size":7950,"attachTime":1706758904000},{"@type":"fileRecord","id":"@23","name":"fault","type":"XSD","size":4705,"attachTime":1706758904000},{"@type":"fileRecord","id":"@33","name":"fault","type":"XSD","size":4687,"attachTime":1706758904000},{"@type":"fileRecord","id":"@11","name":"response","type":"XSD","size":15486,"attachTime":1706758904000},{"@type":"fileRecord","id":"@22","name":"extension","type":"XML","size":23753,"attachTime":1706758904000},{"@type":"fileRecord","id":"@25","name":"request","type":"XSD","size":7812,"attachTime":1706758904000},{"@type":"fileRecord","id":"@34","name":"metadata","type":"JSON","size":7216,"attachTime":1706758904000},{"@type":"fileRecord","id":"@12","name":"extension","type":"XML","size":22861,"attachTime":1706758904000},{"@type":"fileRecord","id":"@24","name":"metadata","type":"JSON","size":7978,"attachTime":1706758904000},{"@type":"fileRecord","id":"@27","name":"extension","type":"XML","size":24217,"attachTime":1706758904000},{"@type":"fileRecord","id":"@35","name":"request","type":"XSD","size":7537,"attachTime":1706758904000},{"@type":"fileRecord","id":"@13","name":"fault","type":"XSD","size":4689,"attachTime":1706758904000},{"@type":"fileRecord","id":"@26","name":"response","type":"XSD","size":10189,"attachTime":1706758904000},{"@type":"fileRecord","id":"@18","name":"fault","type":"XSD","size":4687,"attachTime":1706758904000},{"@type":"fileRecord","id":"@17","name":"extension","type":"XML","size":23205,"attachTime":1706758904000},{"@type":"fileRecord","id":"@19","name":"metadata","type":"JSON","size":7185,"attachTime":1706758904000},{"@type":"fileRecord","id":"@2","name":"extension","type":"XML","size":29144,"attachTime":1706758904000},{"@type":"fileRecord","id":"@4","name":"metadata","type":"JSON","size":18789,"attachTime":1706758904000},{"@type":"fileRecord","id":"@3","name":"fault","type":"XSD","size":4681,"attachTime":1706758904000},{"@type":"fileRecord","id":"@37","name":"extension","type":"XML","size":17687,"attachTime":1706758904000},{"@type":"fileRecord","id":"@14","name":"metadata","type":"JSON","size":6941,"attachTime":1706758904000},{"@type":"fileRecord","id":"@16","name":"response","type":"XSD","size":9633,"attachTime":1706758904000},{"@type":"fileRecord","id":"@15","name":"request","type":"XSD","size":7546,"attachTime":1706758904000},{"@type":"fileRecord","id":"@39","name":"metadata","type":"JSON","size":4828,"attachTime":1706758904000},{"@type":"fileRecord","id":"@38","name":"fault","type":"XSD","size":4691,"attachTime":1706758904000},{"@type":"fileRecord","id":"@21","name":"response","type":"XSD","size":9979,"attachTime":1706758904000},{"@type":"fileRecord","id":"@6","name":"response","type":"XSD","size":15318,"attachTime":1706758904000},{"@type":"fileRecord","id":"@5","name":"request","type":"XSD","size":8166,"attachTime":1706758904000},{"@type":"fileRecord","id":"@8","name":"fault","type":"XSD","size":4685,"attachTime":1706758904000},{"@type":"fileRecord","id":"@7","name":"extension","type":"XML","size":29101,"attachTime":1706758904000},{"@type":"fileRecord","id":"@40","name":"request","type":"XSD","size":5984,"attachTime":1706758904000},{"@type":"fileRecord","id":"@9","name":"metadata","type":"JSON","size":23991,"attachTime":1706758904000},{"@type":"fileRecord","id":"@20","name":"request","type":"XSD","size":7537,"attachTime":1706758904000},{"@type":"fileRecord","id":"@41","name":"response","type":"XSD","size":6017,"attachTime":1706758904000}]