[{"@type":"mappletTemplate","id":"@1","name":"mplt_Comparison_Dates","description":"Compares two dates in an input of type string and returns four outputs. The outputs represent the difference between the dates in hours, days, months, and years respectively. The output values are exclusive of each other. Do not use them together to represent the difference between the data values.","documentType":"DMAPPLET","valid":true,"validForEngines":["CDI","CDI_E"],"active":false,"hasFixedReferences":false,"templateId":"@2","templateImageId":"@3"}]