[{"@type":"mappingTemplate","id":"@1","name":"m_Techm_Company_NewCompany_Contact_DataLoad","description":"","bundleVersion":"0","templateId":"@3","deployTime":1706758902000,"hasParameters":false,"valid":true,"fixedConnection":true,"hasParametersDeployed":false,"fixedConnectionDeployed":true,"isSchemaValidationEnabled":false,"tasks":0,"mappingPreviewFileRecordId":"@2","documentType":"MAPPING","references":[{"@type":"reference","refObjectId":"@6Hn3BgGSQaAeUVTDfka0eJ","refType":"connection"},{"@type":"reference","refObjectId":"@5N83COMOeb8jNksazTh8Oz","refType":"frsDocument"},{"@type":"reference","refObjectId":"@gmRzlXz4dk2fuhjbjJpxSH","refType":"frsDocument"}]}]