[{"@type":"mappingTemplate","id":"@1","name":"m_TECHM_Mapplet_Demo","description":"","bundleVersion":"0","templateId":"@3","deployTime":1706758881000,"hasParameters":false,"valid":true,"fixedConnection":true,"hasParametersDeployed":false,"fixedConnectionDeployed":true,"isSchemaValidationEnabled":false,"tasks":1,"mappingPreviewFileRecordId":"@2","documentType":"MAPPING","references":[{"@type":"reference","refObjectId":"@iGjzFd9lu2KfEW4TDKPSGC","refType":"mappletTemplate"},{"@type":"reference","refObjectId":"@0pyEb27g1mNbbTzQJByCUS","refType":"connection"},{"@type":"reference","refObjectId":"@8vR5WYIGyKblFkMuGjLKmW","refType":"connection"},{"@type":"reference","refObjectId":"@6Hn3BgGSQaAeUVTDfka0eJ","refType":"connection"}]}]