[{"@type":"mappingTemplate","id":"@1","name":"m_Techm_DuplicateContacts","description":"Identify possible duplicate contacts","bundleVersion":"0","templateId":"@3","deployTime":1706758882000,"hasParameters":false,"valid":true,"fixedConnection":true,"hasParametersDeployed":false,"fixedConnectionDeployed":true,"isSchemaValidationEnabled":false,"tasks":0,"mappingPreviewFileRecordId":"@2","documentType":"MAPPING","references":[{"@type":"reference","refObjectId":"@8vR5WYIGyKblFkMuGjLKmW","refType":"connection"},{"@type":"reference","refObjectId":"@0qTB9zeYNbhlgfAo0kNgSX","refType":"frsDocument"}]}]