[{"@type":"mappletTemplate","id":"@1","name":"mplt_Comparison_JaroDistance","description":"The Jaro Distance match score reflects the degree of similarity between the first four characters of both strings and the number of identified character transpositions. The transformation weights the importance of the match between the first four characters by using the value that you enter in the Penalty property.","documentType":"DMAPPLET","valid":true,"validForEngines":["CDI"],"active":false,"hasFixedReferences":false,"templateId":"@2","templateImageId":"@3"}]