[{"@type":"businessService","id":"@1","name":"bs_telephone_US","description":"Global Phone Validation is a data validation and enrichment service for telephone numbers throughout the world, accessed through a US based endpoint.","type":"WebService","connectionId":"@ekOy8Xlfvs6kCT1j76rtio","enableDynamicRefresh":false,"businessOperations":[{"@type":"businessOperation","id":"@4yfRwOB7UGKdmRUB2RGBwb@SetDefaultCountry","originName":"SetDefaultCountry","name":"SetDefaultCountry","description":"","configured":false,"metadataId":"@4","requestId":"@5","responseId":"@6","faultId":"@3","extensionXmlId":"@2"},{"@type":"businessOperation","id":"@4yfRwOB7UGKdmRUB2RGBwb@RemoveDefaultCountry","originName":"RemoveDefaultCountry","name":"RemoveDefaultCountry","description":"","configured":false,"metadataId":"@9","requestId":"@10","responseId":"@11","faultId":"@8","extensionXmlId":"@7"},{"@type":"businessOperation","id":"@4yfRwOB7UGKdmRUB2RGBwb@ValidateNumber","originName":"ValidateNumber","name":"ValidateNumber","description":"","configured":false,"metadataId":"@14","requestId":"@15","responseId":"@16","faultId":"@13","extensionXmlId":"@12"},{"@type":"businessOperation","id":"@4yfRwOB7UGKdmRUB2RGBwb@ValidateNumberBatch","originName":"ValidateNumberBatch","name":"ValidateNumberBatch","description":"","configured":false,"metadataId":"@19","requestId":"@20","responseId":"@21","faultId":"@18","extensionXmlId":"@17"},{"@type":"businessOperation","id":"@4yfRwOB7UGKdmRUB2RGBwb@ValidateNumberCountryBatch","originName":"ValidateNumberCountryBatch","name":"ValidateNumberCountryBatch","description":"","configured":false,"metadataId":"@24","requestId":"@25","responseId":"@26","faultId":"@23","extensionXmlId":"@22"},{"@type":"businessOperation","id":"@4yfRwOB7UGKdmRUB2RGBwb@ValidateNumberCountry","originName":"ValidateNumberCountry","name":"ValidateNumberCountry","description":"","configured":false,"metadataId":"@29","requestId":"@30","responseId":"@31","faultId":"@28","extensionXmlId":"@27"},{"@type":"businessOperation","id":"@4yfRwOB7UGKdmRUB2RGBwb@GetAllCountries","originName":"GetAllCountries","name":"GetAllCountries","description":"","configured":false,"metadataId":"@34","requestId":"@35","responseId":"@36","faultId":"@33","extensionXmlId":"@32"},{"@type":"businessOperation","id":"@4yfRwOB7UGKdmRUB2RGBwb@GetCountryInfo","originName":"GetCountryInfo","name":"GetCountryInfo","description":"","configured":false,"metadataId":"@39","requestId":"@40","responseId":"@41","faultId":"@38","extensionXmlId":"@37"},{"@type":"businessOperation","id":"@4yfRwOB7UGKdmRUB2RGBwb@GetStatusCodesForMethod","originName":"GetStatusCodesForMethod","name":"GetStatusCodesForMethod","description":"","configured":false,"metadataId":"@44","requestId":"@45","responseId":"@46","faultId":"@43","extensionXmlId":"@42"},{"@type":"businessOperation","id":"@4yfRwOB7UGKdmRUB2RGBwb@GetStatusCodes","originName":"GetStatusCodes","name":"GetStatusCodes","description":"","configured":false,"metadataId":"@49","requestId":"@50","responseId":"@51","faultId":"@48","extensionXmlId":"@47"},{"@type":"businessOperation","id":"@4yfRwOB7UGKdmRUB2RGBwb@GetServiceInfo","originName":"GetServiceInfo","name":"GetServiceInfo","description":"","configured":false,"metadataId":"@54","requestId":"@55","responseId":"@56","faultId":"@53","extensionXmlId":"@52"},{"@type":"businessOperation","id":"@4yfRwOB7UGKdmRUB2RGBwb@GetRemainingHits","originName":"GetRemainingHits","name":"GetRemainingHits","description":"","configured":false,"metadataId":"@59","requestId":"@60","responseId":"@61","faultId":"@58","extensionXmlId":"@57"}]}]