[{"@type":"mappletTemplate","id":"@1","name":"mplt_Comparison_HammingDistance","description":"The Hamming Distance algorithm calculates a match score for two data strings by computing the number of positions in which characters differ between the data strings. For strings of different length, each additional character in the longest string is counted as a difference between the strings.","documentType":"DMAPPLET","valid":true,"validForEngines":["CDI"],"active":false,"hasFixedReferences":false,"templateId":"@2","templateImageId":"@3"}]