[{"@type":"mappingTemplate","id":"@1","name":"m_Techm_CleanseCompanyData","description":"Cleansing and standardization of company data","bundleVersion":"0","templateId":"@3","deployTime":1706758912000,"hasParameters":false,"valid":true,"fixedConnection":true,"hasParametersDeployed":false,"fixedConnectionDeployed":true,"isSchemaValidationEnabled":false,"tasks":0,"mappingPreviewFileRecordId":"@2","documentType":"MAPPING","references":[{"@type":"reference","refObjectId":"@59TMSCKgCj4cZlajWopTM3","refType":"mappletTemplate"},{"@type":"reference","refObjectId":"@8vR5WYIGyKblFkMuGjLKmW","refType":"connection"},{"@type":"reference","refObjectId":"@6Hn3BgGSQaAeUVTDfka0eJ","refType":"connection"},{"@type":"reference","refObjectId":"@8nfCHfRqFNZkOetXbSqzmM","refType":"frsDocument"},{"@type":"reference","refObjectId":"@4ZsAe3VbmmZh2xaE9AodK5","refType":"mappletTemplate"},{"@type":"reference","refObjectId":"@iu4WY0LXBO3lOGUOIY1osx","refType":"mappletTemplate"},{"@type":"reference","refObjectId":"@1KDjqzcPtTZhfVb2KajXkt","refType":"frsDocument"}]}]