[{"@type":"drsTask","id":"@1","name":"RT_Techm_HR_Backup","maxLogs":10,"sourceConnectionId":"@0pyEb27g1mNbbTzQJByCUS","targetConnectionId":"@0pyEb27g1mNbbTzQJByCUS","tablePrefix":"TECHMBKP_","verbose":false,"fullRefresh":true,"replicateAllObjects":false,"removeDeleted":true,"queryAll":false,"srcShowLabels":false,"maxRows":0,"stopOnError":true,"replicationObjects":["REGIONS","LOCATIONS","DEPARTMENTS","EMPLOYEES"],"excludedReplicationObjects":[],"majorUpdateTime":1706758864000,"metadataMode":0,"bulkApi":false,"base64BodySize":0.0,"bulkApiDBTarget":false,"fieldExclusions":[{"@type":"fieldExclusion","objectName":"DEPARTMENTS","fields":[{"@type":"field","id":-1,"name":"MANAGER_ID","uniqueName":"MANAGER_ID","label":"MANAGER_ID","precision":0,"scale":0,"columnIndex":-1,"isKey":false,"isWaterMarkKey":false,"isExternalId":false,"isSfIdLookup":false,"isNullable":true,"isUnique":false,"isCreateable":false,"isUpdateable":true,"isFilterable":true,"isCalculated":false,"showLabel":false,"naturalOrder":0,"typeConfigFields":[],"linkedFields":[],"relatedInfos":[],"references":[]}]},{"@type":"fieldExclusion","objectName":"EMPLOYEES","fields":[{"@type":"field","id":-1,"name":"COMMISSION_PCT","uniqueName":"COMMISSION_PCT","label":"COMMISSION_PCT","precision":0,"scale":0,"columnIndex":-1,"isKey":false,"isWaterMarkKey":false,"isExternalId":false,"isSfIdLookup":false,"isNullable":true,"isUnique":false,"isCreateable":false,"isUpdateable":true,"isFilterable":true,"isCalculated":false,"showLabel":false,"naturalOrder":0,"typeConfigFields":[],"linkedFields":[],"relatedInfos":[],"references":[]},{"@type":"field","id":-1,"name":"HIRE_DATE","uniqueName":"HIRE_DATE","label":"HIRE_DATE","precision":0,"scale":0,"columnIndex":-1,"isKey":false,"isWaterMarkKey":false,"isExternalId":false,"isSfIdLookup":false,"isNullable":true,"isUnique":false,"isCreateable":false,"isUpdateable":true,"isFilterable":true,"isCalculated":false,"showLabel":false,"naturalOrder":0,"typeConfigFields":[],"linkedFields":[],"relatedInfos":[],"references":[]},{"@type":"field","id":-1,"name":"JOB_ID","uniqueName":"JOB_ID","label":"JOB_ID","precision":0,"scale":0,"columnIndex":-1,"isKey":false,"isWaterMarkKey":false,"isExternalId":false,"isSfIdLookup":false,"isNullable":true,"isUnique":false,"isCreateable":false,"isUpdateable":true,"isFilterable":true,"isCalculated":false,"showLabel":false,"naturalOrder":0,"typeConfigFields":[],"linkedFields":[],"relatedInfos":[],"references":[]},{"@type":"field","id":-1,"name":"MANAGER_ID","uniqueName":"MANAGER_ID","label":"MANAGER_ID","precision":0,"scale":0,"columnIndex":-1,"isKey":false,"isWaterMarkKey":false,"isExternalId":false,"isSfIdLookup":false,"isNullable":true,"isUnique":false,"isCreateable":false,"isUpdateable":true,"isFilterable":true,"isCalculated":false,"showLabel":false,"naturalOrder":0,"typeConfigFields":[],"linkedFields":[],"relatedInfos":[],"references":[]}]},{"@type":"fieldExclusion","objectName":"LOCATIONS","fields":[{"@type":"field","id":-1,"name":"POSTAL_CODE","uniqueName":"POSTAL_CODE","label":"POSTAL_CODE","precision":0,"scale":0,"columnIndex":-1,"isKey":false,"isWaterMarkKey":false,"isExternalId":false,"isSfIdLookup":false,"isNullable":true,"isUnique":false,"isCreateable":false,"isUpdateable":true,"isFilterable":true,"isCalculated":false,"showLabel":false,"naturalOrder":0,"typeConfigFields":[],"linkedFields":[],"relatedInfos":[],"references":[]}]}],"filters":[],"advancedFilters":[],"srcRuntimeAttrs":{"@type":"taskRuntimeAttrs","attrs":{}}}]