[{"@type":"mappletTemplate","id":"@1","name":"mplt_telephone_webservice_EU","description":"Mapplet calls the Telephone Web Service to process global telephone numbers. Global Phone Validation is a data validation and enrichment service for telephone numbers throughout the world.\nNOTE: The user must update the expression asset to include their user ids and passwords or license keys.","documentType":"DMAPPLET","valid":true,"validForEngines":["CDI"],"active":true,"hasFixedReferences":true,"templateId":"@2","templateImageId":"@3"}]