[{"@type":"dssTask","id":"@1","name":"STT_TECHM_AccountSync","description":"","maxLogs":10,"sourceConnectionId":"@0pyEb27g1mNbbTzQJByCUS","targetConnectionId":"@8vR5WYIGyKblFkMuGjLKmW","targetObject":"SFBKP_ACCOUNT.csv","operation":"Insert","maxRows":0,"truncateTarget":false,"bulkApiDBTarget":false,"verbose":false,"tgtFlatFileAttrs":{"@type":"flatFileAttrs","id":989945,"delimiter":",","textQualifier":"\"","escapeChar":"","headerLineNo":1,"firstDataRow":2,"rowDelimiter":0,"consecutiveDelimiter":false},"targetMetadataUpdated":false,"modelVersion":"V3-R600","queryAll":false,"srcSettings":{"@type":"taskDataSourceSetting","isShowLabels":false,"isNaturalOrder":true},"tgtSettings":{"@type":"taskDataSourceSetting","isShowLabels":false,"isNaturalOrder":true},"cfSettings":{"@type":"taskDataSourceSetting","isShowLabels":false,"isNaturalOrder":true},"bulkApi":false,"bulkApiSerialMode":false,"bulkApiMonitor":false,"isTargetObjectSfCustom":false,"allowNullUpdates":false,"targetBatchSize":200,"assignmentRuleId":"-1","assignmentRuleType":"None","createSuccessFile":false,"bulkApiHardDelete":false,"srcRuntimeAttrs":{"@type":"taskRuntimeAttrs","attrs":{}},"tgtRuntimeAttrs":{"@type":"taskRuntimeAttrs","attrs":{}},"parameterFileEncoding":"UTF-8","serverlessProperties":{},"sourceObjects":[{"@type":"mObject","name":"SFBKP_ACCOUNT","label":"SFBKP_ACCOUNT","metadataUpdated":false,"relations":[],"children":[]}],"advancedFilters":[],"filters":[],"fieldMaps":[{"@type":"fieldMap","id":"19557543","targetField":{"@type":"field","id":109471578,"name":"ID","type":"nstring","uniqueName":"ID","label":"ID","parentObject":"SFBKP_ACCOUNT.csv","pcType":"UNISTRING","precision":36,"scale":0,"columnIndex":0,"isKey":false,"isWaterMarkKey":false,"isExternalId":false,"isSfIdLookup":false,"isNullable":true,"isUnique":false,"isCreateable":false,"isUpdateable":true,"isFilterable":true,"isCalculated":false,"filterType":"STRING","showLabel":false,"naturalOrder":0,"typeConfigFields":[],"linkedFields":["ID"],"relatedInfos":[],"references":[]},"expression":"ID"},{"@type":"fieldMap","id":"19557544","targetField":{"@type":"field","id":109471579,"name":"ISDELETED","type":"double","uniqueName":"ISDELETED","label":"ISDELETED","parentObject":"SFBKP_ACCOUNT.csv","pcType":"FLOAT","precision":15,"scale":0,"columnIndex":1,"isKey":false,"isWaterMarkKey":false,"isExternalId":false,"isSfIdLookup":false,"isNullable":true,"isUnique":false,"isCreateable":false,"isUpdateable":true,"isFilterable":true,"isCalculated":false,"filterType":"DOUBLE","showLabel":false,"naturalOrder":0,"typeConfigFields":[],"linkedFields":["ISDELETED"],"relatedInfos":[],"references":[]},"expression":"ISDELETED"},{"@type":"fieldMap","id":"19557545","targetField":{"@type":"field","id":109471580,"name":"NAME","type":"nstring","uniqueName":"NAME","label":"NAME","parentObject":"SFBKP_ACCOUNT.csv","pcType":"UNISTRING","precision":510,"scale":0,"columnIndex":2,"isKey":false,"isWaterMarkKey":false,"isExternalId":false,"isSfIdLookup":false,"isNullable":true,"isUnique":false,"isCreateable":false,"isUpdateable":true,"isFilterable":true,"isCalculated":false,"filterType":"STRING","showLabel":false,"naturalOrder":0,"typeConfigFields":[],"linkedFields":["NAME"],"relatedInfos":[],"references":[]},"expression":"NAME"},{"@type":"fieldMap","id":"19557546","targetField":{"@type":"field","id":109471581,"name":"PARENTID","type":"nstring","uniqueName":"PARENTID","label":"PARENTID","parentObject":"SFBKP_ACCOUNT.csv","pcType":"UNISTRING","precision":36,"scale":0,"columnIndex":3,"isKey":false,"isWaterMarkKey":false,"isExternalId":false,"isSfIdLookup":false,"isNullable":true,"isUnique":false,"isCreateable":false,"isUpdateable":true,"isFilterable":true,"isCalculated":false,"filterType":"STRING","showLabel":false,"naturalOrder":0,"typeConfigFields":[],"linkedFields":["PARENTID"],"relatedInfos":[],"references":[]},"expression":"PARENTID"},{"@type":"fieldMap","id":"19557547","targetField":{"@type":"field","id":109471582,"name":"BILLINGCITY","type":"nstring","uniqueName":"BILLINGCITY","label":"BILLINGCITY","parentObject":"SFBKP_ACCOUNT.csv","pcType":"UNISTRING","precision":80,"scale":0,"columnIndex":4,"isKey":false,"isWaterMarkKey":false,"isExternalId":false,"isSfIdLookup":false,"isNullable":true,"isUnique":false,"isCreateable":false,"isUpdateable":true,"isFilterable":true,"isCalculated":false,"filterType":"STRING","showLabel":false,"naturalOrder":0,"typeConfigFields":[],"linkedFields":["BILLINGCITY"],"relatedInfos":[],"references":[]},"expression":"BILLINGCITY"},{"@type":"fieldMap","id":"19557548","targetField":{"@type":"field","id":109471583,"name":"BILLINGCOUNTRY","type":"nstring","uniqueName":"BILLINGCOUNTRY","label":"BILLINGCOUNTRY","parentObject":"SFBKP_ACCOUNT.csv","pcType":"UNISTRING","precision":40,"scale":0,"columnIndex":5,"isKey":false,"isWaterMarkKey":false,"isExternalId":false,"isSfIdLookup":false,"isNullable":true,"isUnique":false,"isCreateable":false,"isUpdateable":true,"isFilterable":true,"isCalculated":false,"filterType":"STRING","showLabel":false,"naturalOrder":0,"typeConfigFields":[],"linkedFields":["BILLINGCOUNTRY"],"relatedInfos":[],"references":[]},"lookup":{"@type":"lookup","id":"76754","connectionId":"@0pyEb27g1mNbbTzQJByCUS","object":"COUNTRIES","objectLabel":"COUNTRIES","outputField":{"@type":"field","id":109471584,"name":"COUNTRY_NAME","type":"varchar","uniqueName":"COUNTRY_NAME","label":"COUNTRY_NAME","parentObject":"COUNTRIES","pcType":"STRING","precision":40,"scale":0,"columnIndex":1,"isKey":false,"isWaterMarkKey":false,"isExternalId":false,"isSfIdLookup":false,"isNullable":true,"isUnique":false,"isCreateable":false,"isUpdateable":true,"isFilterable":true,"isCalculated":false,"filterType":"STRING","showLabel":true,"naturalOrder":1,"typeConfigFields":[],"linkedFields":[],"relatedInfos":[],"references":[]},"multiplicityError":true,"settings":{"@type":"taskDataSourceSetting","isShowLabels":false,"isNaturalOrder":true},"objectRelations":[{"@type":"objectRelationExt","object1":"SFBKP_ACCOUNT","object2":"COUNTRIES","field1":{"@type":"field","id":109471585,"name":"BILLINGCOUNTRY","type":"nvarchar","uniqueName":"BILLINGCOUNTRY","label":"BILLINGCOUNTRY","parentObject":"SFBKP_ACCOUNT","pcType":"UNISTRING","precision":160,"scale":0,"columnIndex":5,"isKey":false,"isWaterMarkKey":false,"isExternalId":false,"isSfIdLookup":false,"isNullable":true,"isUnique":false,"isCreateable":false,"isUpdateable":true,"isFilterable":true,"isCalculated":false,"filterType":"STRING","showLabel":true,"naturalOrder":5,"typeConfigFields":[],"linkedFields":[],"relatedInfos":[],"references":[]},"field2":{"@type":"field","id":109471586,"name":"COUNTRY_ID","type":"char","uniqueName":"COUNTRY_ID","label":"COUNTRY_ID","parentObject":"COUNTRIES","pcType":"STRING","precision":2,"scale":0,"columnIndex":0,"isKey":true,"isWaterMarkKey":false,"isExternalId":false,"isSfIdLookup":false,"isNullable":false,"isUnique":true,"isCreateable":false,"isUpdateable":true,"isFilterable":true,"isCalculated":false,"filterType":"STRING","showLabel":true,"naturalOrder":0,"typeConfigFields":[],"linkedFields":[],"relatedInfos":[{"@type":"fieldRelatedInfo","id":2087331,"referenceObject":"LOCATIONS","referenceField":{"@type":"field","id":109471587,"name":"COUNTRY_ID","uniqueName":"COUNTRY_ID","label":"COUNTRY_ID","precision":0,"scale":0,"columnIndex":-1,"isKey":false,"isWaterMarkKey":false,"isExternalId":false,"isSfIdLookup":false,"isNullable":true,"isUnique":false,"isCreateable":false,"isUpdateable":true,"isFilterable":true,"isCalculated":false,"showLabel":true,"naturalOrder":0,"typeConfigFields":[],"linkedFields":[],"relatedInfos":[],"references":[]}}],"references":[]}}]}},{"@type":"fieldMap","id":"19557549","targetField":{"@type":"field","id":109471588,"name":"PHONE","type":"nstring","uniqueName":"PHONE","label":"PHONE","parentObject":"SFBKP_ACCOUNT.csv","pcType":"UNISTRING","precision":80,"scale":0,"columnIndex":6,"isKey":false,"isWaterMarkKey":false,"isExternalId":false,"isSfIdLookup":false,"isNullable":true,"isUnique":false,"isCreateable":false,"isUpdateable":true,"isFilterable":true,"isCalculated":false,"filterType":"STRING","showLabel":false,"naturalOrder":0,"typeConfigFields":[],"linkedFields":["PHONE"],"relatedInfos":[],"references":[]},"expression":"PHONE"},{"@type":"fieldMap","id":"19557550","targetField":{"@type":"field","id":109471589,"name":"ACCOUNTNUMBER","type":"nstring","uniqueName":"ACCOUNTNUMBER","label":"ACCOUNTNUMBER","parentObject":"SFBKP_ACCOUNT.csv","pcType":"UNISTRING","precision":80,"scale":0,"columnIndex":7,"isKey":false,"isWaterMarkKey":false,"isExternalId":false,"isSfIdLookup":false,"isNullable":true,"isUnique":false,"isCreateable":false,"isUpdateable":true,"isFilterable":true,"isCalculated":false,"filterType":"STRING","showLabel":false,"naturalOrder":0,"typeConfigFields":[],"linkedFields":["ACCOUNTNUMBER"],"relatedInfos":[],"references":[]},"expression":"ACCOUNTNUMBER"},{"@type":"fieldMap","id":"19557551","targetField":{"@type":"field","id":109471590,"name":"ANNUALREVENUE","type":"double","uniqueName":"ANNUALREVENUE","label":"ANNUALREVENUE","parentObject":"SFBKP_ACCOUNT.csv","pcType":"FLOAT","precision":15,"scale":0,"columnIndex":8,"isKey":false,"isWaterMarkKey":false,"isExternalId":false,"isSfIdLookup":false,"isNullable":true,"isUnique":false,"isCreateable":false,"isUpdateable":true,"isFilterable":true,"isCalculated":false,"filterType":"DOUBLE","showLabel":false,"naturalOrder":0,"typeConfigFields":[],"linkedFields":["ANNUALREVENUE"],"relatedInfos":[],"references":[]},"expression":"ANNUALREVENUE"},{"@type":"fieldMap","id":"19557552","targetField":{"@type":"field","id":109471591,"name":"CREATEDDATE","type":"datetime","uniqueName":"CREATEDDATE","label":"CREATEDDATE","parentObject":"SFBKP_ACCOUNT.csv","pcType":"DATE","precision":19,"scale":0,"columnIndex":9,"isKey":false,"isWaterMarkKey":false,"isExternalId":false,"isSfIdLookup":false,"isNullable":true,"isUnique":false,"isCreateable":false,"isUpdateable":true,"isFilterable":true,"isCalculated":false,"filterType":"DATETIME","showLabel":false,"naturalOrder":0,"typeConfigFields":[],"linkedFields":["CREATEDDATE"],"relatedInfos":[],"references":[]},"expression":"CREATEDDATE"},{"@type":"fieldMap","id":"19557553","targetField":{"@type":"field","id":109471592,"name":"LASTMODIFIEDDATE","type":"datetime","uniqueName":"LASTMODIFIEDDATE","label":"LASTMODIFIEDDATE","parentObject":"SFBKP_ACCOUNT.csv","pcType":"DATE","precision":19,"scale":0,"columnIndex":10,"isKey":false,"isWaterMarkKey":false,"isExternalId":false,"isSfIdLookup":false,"isNullable":true,"isUnique":false,"isCreateable":false,"isUpdateable":true,"isFilterable":true,"isCalculated":false,"filterType":"DATETIME","showLabel":false,"naturalOrder":0,"typeConfigFields":[],"linkedFields":["LASTMODIFIEDDATE"],"relatedInfos":[],"references":[]},"expression":"LASTMODIFIEDDATE"},{"@type":"fieldMap","id":"19557554","targetField":{"@type":"field","id":109471593,"name":"ACTIVE__C","type":"nstring","uniqueName":"ACTIVE__C","label":"ACTIVE__C","parentObject":"SFBKP_ACCOUNT.csv","pcType":"UNISTRING","precision":510,"scale":0,"columnIndex":11,"isKey":false,"isWaterMarkKey":false,"isExternalId":false,"isSfIdLookup":false,"isNullable":true,"isUnique":false,"isCreateable":false,"isUpdateable":true,"isFilterable":true,"isCalculated":false,"filterType":"STRING","showLabel":false,"naturalOrder":0,"typeConfigFields":[],"linkedFields":["ACTIVE__C"],"relatedInfos":[],"references":[]},"expression":"ACTIVE__C"},{"@type":"fieldMap","id":"19557555","targetField":{"@type":"field","id":109471594,"name":"SYSTEMMODSTAMP","type":"datetime","uniqueName":"SYSTEMMODSTAMP","label":"SYSTEMMODSTAMP","parentObject":"SFBKP_ACCOUNT.csv","pcType":"DATE","precision":19,"scale":0,"columnIndex":12,"isKey":false,"isWaterMarkKey":false,"isExternalId":false,"isSfIdLookup":false,"isNullable":true,"isUnique":false,"isCreateable":false,"isUpdateable":true,"isFilterable":true,"isCalculated":false,"filterType":"DATETIME","showLabel":false,"naturalOrder":0,"typeConfigFields":[],"linkedFields":["SYSTEMMODSTAMP"],"relatedInfos":[],"references":[]},"expression":"SYSTEMMODSTAMP"}],"sourceFields":[{"@type":"field","id":109471595,"name":"ID","type":"nvarchar","uniqueName":"ID","label":"ID","parentObject":"SFBKP_ACCOUNT","pcType":"UNISTRING","precision":36,"scale":0,"columnIndex":0,"isKey":false,"isWaterMarkKey":false,"isExternalId":false,"isSfIdLookup":false,"isNullable":true,"isUnique":false,"isCreateable":false,"isUpdateable":true,"isFilterable":true,"isCalculated":false,"filterType":"STRING","showLabel":false,"naturalOrder":0,"typeConfigFields":[],"linkedFields":["ID"],"relatedInfos":[],"references":[]},{"@type":"field","id":109471596,"name":"ISDELETED","type":"double","uniqueName":"ISDELETED","label":"ISDELETED","parentObject":"SFBKP_ACCOUNT","pcType":"FLOAT","precision":15,"scale":0,"columnIndex":1,"isKey":false,"isWaterMarkKey":false,"isExternalId":false,"isSfIdLookup":false,"isNullable":true,"isUnique":false,"isCreateable":false,"isUpdateable":true,"isFilterable":true,"isCalculated":false,"filterType":"DOUBLE","showLabel":false,"naturalOrder":1,"typeConfigFields":[],"linkedFields":["ISDELETED"],"relatedInfos":[],"references":[]},{"@type":"field","id":109471597,"name":"NAME","type":"nvarchar","uniqueName":"NAME","label":"NAME","parentObject":"SFBKP_ACCOUNT","pcType":"UNISTRING","precision":510,"scale":0,"columnIndex":2,"isKey":false,"isWaterMarkKey":false,"isExternalId":false,"isSfIdLookup":false,"isNullable":true,"isUnique":false,"isCreateable":false,"isUpdateable":true,"isFilterable":true,"isCalculated":false,"filterType":"STRING","showLabel":false,"naturalOrder":2,"typeConfigFields":[],"linkedFields":["NAME"],"relatedInfos":[],"references":[]},{"@type":"field","id":109471598,"name":"PARENTID","type":"nvarchar","uniqueName":"PARENTID","label":"PARENTID","parentObject":"SFBKP_ACCOUNT","pcType":"UNISTRING","precision":36,"scale":0,"columnIndex":3,"isKey":false,"isWaterMarkKey":false,"isExternalId":false,"isSfIdLookup":false,"isNullable":true,"isUnique":false,"isCreateable":false,"isUpdateable":true,"isFilterable":true,"isCalculated":false,"filterType":"STRING","showLabel":false,"naturalOrder":3,"typeConfigFields":[],"linkedFields":["PARENTID"],"relatedInfos":[],"references":[]},{"@type":"field","id":109471599,"name":"BILLINGCITY","type":"nvarchar","uniqueName":"BILLINGCITY","label":"BILLINGCITY","parentObject":"SFBKP_ACCOUNT","pcType":"UNISTRING","precision":80,"scale":0,"columnIndex":4,"isKey":false,"isWaterMarkKey":false,"isExternalId":false,"isSfIdLookup":false,"isNullable":true,"isUnique":false,"isCreateable":false,"isUpdateable":true,"isFilterable":true,"isCalculated":false,"filterType":"STRING","showLabel":false,"naturalOrder":4,"typeConfigFields":[],"linkedFields":["BILLINGCITY"],"relatedInfos":[],"references":[]},{"@type":"field","id":109471600,"name":"BILLINGCOUNTRY","type":"nvarchar","uniqueName":"BILLINGCOUNTRY","label":"BILLINGCOUNTRY","parentObject":"SFBKP_ACCOUNT","pcType":"UNISTRING","precision":160,"scale":0,"columnIndex":5,"isKey":false,"isWaterMarkKey":false,"isExternalId":false,"isSfIdLookup":false,"isNullable":true,"isUnique":false,"isCreateable":false,"isUpdateable":true,"isFilterable":true,"isCalculated":false,"filterType":"STRING","showLabel":false,"naturalOrder":5,"typeConfigFields":[],"linkedFields":["BILLINGCOUNTRY"],"relatedInfos":[],"references":[]},{"@type":"field","id":109471601,"name":"PHONE","type":"nvarchar","uniqueName":"PHONE","label":"PHONE","parentObject":"SFBKP_ACCOUNT","pcType":"UNISTRING","precision":80,"scale":0,"columnIndex":6,"isKey":false,"isWaterMarkKey":false,"isExternalId":false,"isSfIdLookup":false,"isNullable":true,"isUnique":false,"isCreateable":false,"isUpdateable":true,"isFilterable":true,"isCalculated":false,"filterType":"STRING","showLabel":false,"naturalOrder":6,"typeConfigFields":[],"linkedFields":["PHONE"],"relatedInfos":[],"references":[]},{"@type":"field","id":109471602,"name":"ACCOUNTNUMBER","type":"nvarchar","uniqueName":"ACCOUNTNUMBER","label":"ACCOUNTNUMBER","parentObject":"SFBKP_ACCOUNT","pcType":"UNISTRING","precision":80,"scale":0,"columnIndex":7,"isKey":false,"isWaterMarkKey":false,"isExternalId":false,"isSfIdLookup":false,"isNullable":true,"isUnique":false,"isCreateable":false,"isUpdateable":true,"isFilterable":true,"isCalculated":false,"filterType":"STRING","showLabel":false,"naturalOrder":7,"typeConfigFields":[],"linkedFields":["ACCOUNTNUMBER"],"relatedInfos":[],"references":[]},{"@type":"field","id":109471603,"name":"ANNUALREVENUE","type":"double","uniqueName":"ANNUALREVENUE","label":"ANNUALREVENUE","parentObject":"SFBKP_ACCOUNT","pcType":"FLOAT","precision":15,"scale":0,"columnIndex":8,"isKey":false,"isWaterMarkKey":false,"isExternalId":false,"isSfIdLookup":false,"isNullable":true,"isUnique":false,"isCreateable":false,"isUpdateable":true,"isFilterable":true,"isCalculated":false,"filterType":"DOUBLE","showLabel":false,"naturalOrder":8,"typeConfigFields":[],"linkedFields":["ANNUALREVENUE"],"relatedInfos":[],"references":[]},{"@type":"field","id":109471604,"name":"CREATEDDATE","type":"timestamp","uniqueName":"CREATEDDATE","label":"CREATEDDATE","parentObject":"SFBKP_ACCOUNT","pcType":"DATE","precision":23,"scale":3,"columnIndex":9,"isKey":false,"isWaterMarkKey":false,"isExternalId":false,"isSfIdLookup":false,"isNullable":true,"isUnique":false,"isCreateable":false,"isUpdateable":true,"isFilterable":true,"isCalculated":false,"filterType":"DATETIME","showLabel":false,"naturalOrder":9,"typeConfigFields":[],"linkedFields":["CREATEDDATE"],"relatedInfos":[],"references":[]},{"@type":"field","id":109471605,"name":"LASTMODIFIEDDATE","type":"timestamp","uniqueName":"LASTMODIFIEDDATE","label":"LASTMODIFIEDDATE","parentObject":"SFBKP_ACCOUNT","pcType":"DATE","precision":23,"scale":3,"columnIndex":10,"isKey":false,"isWaterMarkKey":false,"isExternalId":false,"isSfIdLookup":false,"isNullable":true,"isUnique":false,"isCreateable":false,"isUpdateable":true,"isFilterable":true,"isCalculated":false,"filterType":"DATETIME","showLabel":false,"naturalOrder":10,"typeConfigFields":[],"linkedFields":["LASTMODIFIEDDATE"],"relatedInfos":[],"references":[]},{"@type":"field","id":109471606,"name":"ACTIVE__C","type":"nvarchar","uniqueName":"ACTIVE__C","label":"ACTIVE__C","parentObject":"SFBKP_ACCOUNT","pcType":"UNISTRING","precision":510,"scale":0,"columnIndex":11,"isKey":false,"isWaterMarkKey":false,"isExternalId":false,"isSfIdLookup":false,"isNullable":true,"isUnique":false,"isCreateable":false,"isUpdateable":true,"isFilterable":true,"isCalculated":false,"filterType":"STRING","showLabel":false,"naturalOrder":11,"typeConfigFields":[],"linkedFields":["ACTIVE__C"],"relatedInfos":[],"references":[]},{"@type":"field","id":109471607,"name":"SYSTEMMODSTAMP","type":"timestamp","uniqueName":"SYSTEMMODSTAMP","label":"SYSTEMMODSTAMP","parentObject":"SFBKP_ACCOUNT","pcType":"DATE","precision":23,"scale":3,"columnIndex":12,"isKey":false,"isWaterMarkKey":false,"isExternalId":false,"isSfIdLookup":false,"isNullable":true,"isUnique":false,"isCreateable":false,"isUpdateable":true,"isFilterable":true,"isCalculated":false,"filterType":"DATETIME","showLabel":false,"naturalOrder":12,"typeConfigFields":[],"linkedFields":["SYSTEMMODSTAMP"],"relatedInfos":[],"references":[]}],"sortFields":[],"groupFields":[]}]