[{"@type":"workflow","id":"@1","name":"WF_Techm_Linear","maxLogs":10,"references":[{"@type":"reference","refObjectId":"@4OhYBnJXHwLlivO5oChRMa","refType":"mtTask"},{"@type":"reference","refObjectId":"@4U49ZAyyKAgcTDqqIbWhaY","refType":"mtTask"},{"@type":"reference","refObjectId":"@8Whj1TPdsEFls7KQGO0D0G","refType":"mtTask"}],"tasks":[{"@type":"workflowTask","taskId":"@4OhYBnJXHwLlivO5oChRMa","type":"MTT","name":"mtt_Techm_EmpLoad","stopOnError":false,"stopOnWarning":false},{"@type":"workflowTask","taskId":"@4U49ZAyyKAgcTDqqIbWhaY","type":"MTT","name":"mtt_Techm_Mapplet","stopOnError":false,"stopOnWarning":false},{"@type":"workflowTask","taskId":"@8Whj1TPdsEFls7KQGO0D0G","type":"MTT","name":"mtt_Techm_Normalizer","stopOnError":false,"stopOnWarning":false}]}]