[{"@type":"mappingTemplate","id":"@1","name":"m_TECHM_KN_Mapping_MapletLAB","description":"","bundleVersion":"0","templateId":"@3","deployTime":1706758893000,"hasParameters":false,"valid":true,"fixedConnection":true,"hasParametersDeployed":false,"fixedConnectionDeployed":true,"isSchemaValidationEnabled":false,"tasks":0,"mappingPreviewFileRecordId":"@2","documentType":"MAPPING","references":[{"@type":"reference","refObjectId":"@cHQbDs0XVUFcuXPfISBPyM","refType":"mappletTemplate"},{"@type":"reference","refObjectId":"@8vR5WYIGyKblFkMuGjLKmW","refType":"connection"},{"@type":"reference","refObjectId":"@6Hn3BgGSQaAeUVTDfka0eJ","refType":"connection"}]}]