[{"@type":"mappingTemplate","id":"@1","name":"m_TECHM_KN_ProductShipping","description":"","bundleVersion":"0","templateId":"@3","deployTime":1706758858000,"hasParameters":false,"valid":true,"fixedConnection":true,"hasParametersDeployed":false,"fixedConnectionDeployed":true,"isSchemaValidationEnabled":false,"tasks":0,"mappingPreviewFileRecordId":"@2","documentType":"MAPPING","references":[{"@type":"reference","refObjectId":"@8vR5WYIGyKblFkMuGjLKmW","refType":"connection"},{"@type":"reference","refObjectId":"@cFjTSpPeYickqWGCgWdfyR","refType":"connection"},{"@type":"reference","refObjectId":"@6Hn3BgGSQaAeUVTDfka0eJ","refType":"connection"}]}]