[{"@type":"mappletTemplate","id":"@1","name":"mplt_Geocoordinate_In_Polygon","description":"Determines if a coordinate point falls inside or outside a set of coordinates that form a polygon shape. Enter the latitude and longitude values for the coordinate point in the Coordinate_Point field. Enter the latitude and longitude values that define the polygon in the Polygon_Coordinates field.\nEnter the latitude and longitude values in decimal format. Use a semi-colon to separate the values. For example:\n17.25458;78.244393\nWhen you enter the polygon coordinates, use a pipe symbol to separate each set of latitude and longitude values. For example:\n88;-179.999999|89.999999;-179.999999|89.999999;179.999999|88;179.999999\nThe polygon coordinates must connect to each other in a sequence that describes the perimeter of the polygon. For example, the first point connects to the second point, and the second point connects to the third point.","documentType":"DMAPPLET","valid":true,"validForEngines":["CDI","CDI_E"],"active":false,"hasFixedReferences":false,"templateId":"@2","templateImageId":"@3"}]