[{"@type":"mappingTemplate","id":"@1","name":"m_Techm_VerifyUSAddresses","description":"","bundleVersion":"0","templateId":"@3","deployTime":1706758885000,"hasParameters":false,"valid":true,"fixedConnection":true,"hasParametersDeployed":false,"fixedConnectionDeployed":true,"isSchemaValidationEnabled":false,"tasks":0,"mappingPreviewFileRecordId":"@2","documentType":"MAPPING","references":[{"@type":"reference","refObjectId":"@8vR5WYIGyKblFkMuGjLKmW","refType":"connection"},{"@type":"reference","refObjectId":"@7mhndR5uuGolT1Zv041VYv","refType":"frsDocument"}]}]